displayAll, 2020-05-26T15:48:05.969688200
displayAllSortedByName, 2020-05-26T15:48:05.969688200
displayAllSortedByNumberOfCustomers, 2020-05-26T15:48:05.985309200
displayCustomersPerMarketplace, 2020-05-26T15:48:05.985309200
displayAll, 2020-06-02T19:08:18.832465100
displayAllSortedByName, 2020-06-02T19:08:18.839446500
displayAllSortedByNumberOfCustomers, 2020-06-02T19:08:18.841440700
displayCustomers, 2020-06-02T19:08:18.841440700
displayCustomersPerMarketplace, 2020-06-02T19:08:18.842440
displayAll, 2020-06-02T19:08:41.736907800
displayAllSortedByName, 2020-06-02T19:08:41.739899900
displayAllSortedByNumberOfCustomers, 2020-06-02T19:08:41.741896100
displayCustomers, 2020-06-02T19:08:41.742892700
displayCustomersPerMarketplace, 2020-06-02T19:08:41.743892700
displayAll, 2020-06-02T19:13:10.378339300
displayAllSortedByName, 2020-06-02T19:13:10.383325500
displayAllSortedByNumberOfCustomers, 2020-06-02T19:13:10.385320700
displayCustomers, 2020-06-02T19:13:10.386319600
displayCustomersPerMarketplace, 2020-06-02T19:13:10.387319400
displayAll, 2020-06-02T19:13:14.894963100
displayAllSortedByName, 2020-06-02T19:13:14.897955600
displayAllSortedByNumberOfCustomers, 2020-06-02T19:13:14.898953200
displayCustomers, 2020-06-02T19:13:14.899950200
displayCustomersPerMarketplace, 2020-06-02T19:13:14.900951600
displayAll, 2020-06-02T19:24:44.573071400
displayAllSortedByName, 2020-06-02T19:24:44.578057400
displayAllSortedByNumberOfCustomers, 2020-06-02T19:24:44.580052300
displayCustomers, 2020-06-02T19:24:44.580052300
displayCustomersPerMarketplace, 2020-06-02T19:24:44.581050200
displayAll, 2020-06-02T19:24:45.772521600
displayAllSortedByName, 2020-06-02T19:24:52.148240800
displayAll, 2020-06-02T19:25:00.847009600
displayAllSortedByName, 2020-06-02T19:25:00.851990500
displayAllSortedByNumberOfCustomers, 2020-06-02T19:25:00.853984900
displayCustomers, 2020-06-02T19:25:00.854982300
displayCustomersPerMarketplace, 2020-06-02T19:25:00.855980
displayAllSortedByName, 2020-06-02T19:25:01.842329
displayAllSortedByNumberOfCustomers, 2020-06-02T19:25:04.898713900
displayCustomersPerMarketplace, 2020-06-02T19:25:08.796389500
displayAll, 2020-06-02T19:26:42.823681500
displayAllSortedByName, 2020-06-02T19:26:42.826673700
displayAllSortedByNumberOfCustomers, 2020-06-02T19:26:42.829667700
displayCustomers, 2020-06-02T19:26:42.830663600
displayCustomersPerMarketplace, 2020-06-02T19:26:42.830663600
displayAll, 2020-06-02T19:26:44.437611700
displayAllSortedByName, 2020-06-02T19:26:47.098363
displayAll, 2020-06-02T19:26:56.217187300
displayAllSortedByName, 2020-06-02T19:26:56.220178300
displayAllSortedByNumberOfCustomers, 2020-06-02T19:26:56.222172900
displayCustomers, 2020-06-02T19:26:56.222172900
displayCustomersPerMarketplace, 2020-06-02T19:26:56.223170700
displayCustomersPerMarketplace, 2020-06-02T19:26:56.796059500
displayCustomers, 2020-06-02T19:26:59.772392500
displayAll, 2020-06-02T19:27:01.035304400
displayAllSortedByName, 2020-06-02T19:27:02.037030600
displayAllSortedByName, 2020-06-02T19:27:03.736905600
displayAll, 2020-06-02T19:27:05.072342700
displayAllSortedByNumberOfCustomers, 2020-06-02T19:27:06.337034300
displayAllSortedByNumberOfCustomers, 2020-06-02T19:27:09.313163900
displayCustomers, 2020-06-02T19:27:11.270835300
displayCustomersPerMarketplace, 2020-06-02T19:27:12.386328700
displayAll, 2020-06-02T19:27:13.595593700
displayCustomers, 2020-06-02T19:27:14.716181200
displayAll, 2020-06-02T19:31:09.413290900, main
displayAllSortedByName, 2020-06-02T19:31:09.429247300, main
displayAllSortedByNumberOfCustomers, 2020-06-02T19:31:09.430245100, main
displayCustomers, 2020-06-02T19:31:09.430245100, main
displayCustomersPerMarketplace, 2020-06-02T19:31:09.431242900, main
displayAllSortedByName, 2020-06-02T19:31:11.087586500, AWT-EventQueue-0
displayAll, 2020-06-02T19:31:12.965949900, AWT-EventQueue-0
displayCustomers, 2020-06-02T19:31:14.016278300, AWT-EventQueue-0
displayCustomersPerMarketplace, 2020-06-02T19:31:14.881625200, AWT-EventQueue-0
displayAllSortedByNumberOfCustomers, 2020-06-02T19:31:15.933972900, AWT-EventQueue-0
displayAll, 2020-06-02T19:31:16.831486500, AWT-EventQueue-0
displayAllSortedByNumberOfCustomers, 2020-06-02T19:31:51.315901600, AWT-EventQueue-0
